date,pm2_5,carbon_monoxide,latitud,longitud
2022-08-03,,,,
2022-08-04,,,,
2022-08-05,6.86,335.9,-0.20242,-78.51114
2022-08-06,9,352.7,-0.22464,-78.51291
2022-08-07,8.55,412.8,-0.19713,-78.50364
2022-08-08,4.87,412.1,-0.16649,-78.49211
2022-08-09,8.15,393.2,-0.228,-78.49933
2022-08-10,9.22,454.2,-0.22799,-78.51329
2022-08-11,7.86,314.4,-0.16453,-78.52167
2022-08-12,7.01,398.9,-0.19294,-78.48487
2022-08-13,7.61,425.1,-0.23623,-78.51001
2022-08-14,11.3,346.9,-0.20081,-78.51046
2022-08-15,5.72,286.9,-0.23602,-78.51084
2022-08-16,7.71,239.7,-0.2361,-78.50862
2022-08-17,2.76,415.2,-0.21133,-78.51204
2022-08-18,5.53,361.1,-0.28676,-78.51634
2022-08-19,8.38,279,-0.28017,-78.51607
2022-08-20,7.39,453.2,-0.23948,-78.51093
2022-08-21,8.67,254.6,-0.25525,-78.51603
2022-08-22,8.12,415.1,-0.2088,-78.51773
2022-08-23,7.05,512.9,-0.25158,-78.50954
2022-08-24,6.64,472.8,-0.26923,-78.51315
2022-08-25,6.4,205,-0.1685,-78.49556
2022-08-26,3.84,265.5,-0.2277,-78.53711
2022-08-27,6.19,368.8,-0.21744,-78.49968
2022-08-28,15.72,330.1,-0.26967,-78.49814
2022-08-29,3.55,152.2,-0.23885,-78.53133
2022-08-30,9.64,395.9,-0.21592,-78.51403
2022-08-31,6.11,275.6,-0.26008,-78.51431
2022-09-01,11.85,408.1,-0.20665,-78.52468
2022-09-02,2.11,376.9,-0.24082,-78.51838
2022-09-03,11.75,168.4,-0.23001,-78.52171
2022-09-04,5.16,341.9,-0.24086,-78.49308
2022-09-05,8.75,340.9,-0.15497,-78.50124
2022-09-06,6.59,382.7,-0.22027,-78.49788
2022-09-07,4.52,402.9,-0.25682,-78.50338
2022-09-08,7.83,297.1,-0.19101,-78.52189
2022-09-09,8.98,394.2,-0.26253,-78.51585
2022-09-10,8.56,284.2,-0.21249,-78.50571
2022-09-11,5.53,281.4,-0.28839,-78.52282
2022-09-12,6.3,238.6,-0.26629,-78.50347
2022-09-13,9.27,388.2,-0.21291,-78.513
2022-09-14,0.5,174.8,-0.19395,-78.51435
2022-09-15,5.16,346.9,-0.2138,-78.50349
2022-09-16,9.42,295.4,-0.22385,-78.50616
2022-09-17,2.23,421.7,-0.23034,-78.51421
2022-09-18,2.06,223.1,-0.27155,-78.49901
2022-09-19,5.92,366.9,-0.24499,-78.52141
2022-09-20,9.4,414.7,-0.23592,-78.50444
2022-09-21,10.45,353.3,-0.1828,-78.50467
2022-09-22,7.45,425.6,-0.20777,-78.5137
2022-09-23,10.11,155.3,-0.28151,-78.50734
2022-09-24,3.89,454.2,-0.20846,-78.52311
2022-09-25,4.94,342,-0.23328,-78.50136
2022-09-26,0.62,327.4,-0.24349,-78.51245
2022-09-27,8.79,306.2,-0.19839,-78.51583
2022-09-28,11.89,328.4,-0.18372,-78.50011
2022-09-29,2.79,357,-0.18721,-78.51764
2022-09-30,5.09,331.4,-0.24917,-78.52468
2022-10-01,3.29,363.9,-0.23062,-78.52617
2022-10-02,7.03,452.5,-0.20821,-78.50454
2022-10-03,7.84,377.3,-0.18566,-78.5234
2022-10-04,6.67,394.9,-0.23657,-78.49305
2022-10-05,9.77,351.8,-0.2263,-78.53142
2022-10-06,8.49,444.9,-0.25852,-78.49364
2022-10-07,8.47,249.8,-0.26167,-78.50849
2022-10-08,9.56,359.4,-0.19136,-78.51157
2022-10-09,10.35,382.6,-0.17233,-78.51605
2022-10-10,5.88,493.1,-0.22232,-78.50661
2022-10-11,6.38,423.2,-0.18468,-78.51098
2022-10-12,8.39,271.7,-0.20714,-78.49957
2022-10-13,7.94,255.4,-0.24238,-78.50946
2022-10-14,6.61,424,-0.20715,-78.5091
2022-10-15,7.21,277.2,-0.16597,-78.51424
2022-10-16,4.32,348.9,-0.22105,-78.51117
2022-10-17,6.46,376.7,-0.16504,-78.50752
2022-10-18,7.14,379.3,-0.31149,-78.5277
2022-10-19,10.99,398.9,-0.19103,-78.52408
2022-10-20,6.79,171.6,-0.21675,-78.50317
2022-10-21,7.22,248.2,-0.23027,-78.50889
2022-10-22,10.25,442.7,-0.21659,-78.51244
2022-10-23,3.93,327,-0.28936,-78.51042
2022-10-24,10.18,530.3,-0.22749,-78.50712
2022-10-25,8.22,542.4,-0.2073,-78.516
2022-10-26,7.74,373.8,-0.16807,-78.51838
2022-10-27,6.41,345.1,-0.23794,-78.50864
2022-10-28,6.57,295.3,-0.2481,-78.52038
2022-10-29,2.74,361.3,-0.23736,-78.50652
2022-10-30,8.1,552.5,-0.18776,-78.52763
2022-10-31,4.74,432.8,-0.20829,-78.50031
2022-11-01,6.3,404.5,-0.23834,-78.50587
2022-11-02,12.96,497.1,-0.20184,-78.50804
2022-11-03,9.16,321.5,-0.2164,-78.50077
2022-11-04,1.7,344.4,-0.1859,-78.49395
2022-11-05,8.33,421,-0.24437,-78.50046
2022-11-06,12.04,546.9,-0.23127,-78.52901
2022-11-07,9.16,416.8,-0.23352,-78.5234
2022-11-08,11.16,473.5,-0.27102,-78.51685
2022-11-09,9.16,379.3,-0.20944,-78.51034
2022-11-10,5.04,648.1,-0.21066,-78.50542
2022-11-11,7.13,364.9,-0.21962,-78.51786
2022-11-12,9.81,408.2,-0.22801,-78.50873
2022-11-13,10.16,352.5,-0.26934,-78.51815
2022-11-14,8.02,378.8,-0.23452,-78.51672
2022-11-15,5.83,417,-0.2318,-78.52467
2022-11-16,11.43,355.3,-0.24788,-78.51983
2022-11-17,12.21,450.3,-0.22544,-78.52412
2022-11-18,7.29,457.9,-0.20566,-78.52036
2022-11-19,11.43,505,-0.15378,-78.50006
2022-11-20,8.44,349.3,-0.21369,-78.52009
2022-11-21,7.82,420.8,-0.21079,-78.48428
2022-11-22,10.5,394.5,-0.22241,-78.50567
2022-11-23,11.5,507.8,-0.28696,-78.50875
2022-11-24,8.6,407.1,-0.22073,-78.51918
2022-11-25,5.9,418.8,-0.21769,-78.5036
2022-11-26,14.21,505.8,-0.13359,-78.51636
2022-11-27,7.93,497.9,-0.22653,-78.50938
2022-11-28,8.1,456.1,-0.20925,-78.485
2022-11-29,12.73,487.9,-0.22101,-78.51156
2022-11-30,8.08,553.6,-0.2607,-78.49911
2022-12-01,13.07,510.3,-0.1798,-78.51763
2022-12-02,10.66,516.8,-0.19348,-78.51095
2022-12-03,5.3,539.2,-0.19211,-78.49289
2022-12-04,7.52,502.4,-0.25163,-78.51687
2022-12-05,7.31,512.3,-0.1707,-78.49248
2022-12-06,10.54,434.1,-0.26886,-78.50352
2022-12-07,8.07,515.2,-0.19926,-78.51622
2022-12-08,10.93,737.2,-0.14313,-78.50428
2022-12-09,6.71,562.7,-0.25447,-78.50087
2022-12-10,11.92,526.9,-0.23962,-78.50438
2022-12-11,10.65,488.9,-0.21631,-78.5263
2022-12-12,7.32,473.4,-0.23742,-78.51787
2022-12-13,8.1,479.1,-0.27407,-78.51308
2022-12-14,6.55,520.5,-0.2174,-78.51134
2022-12-15,12.09,256,-0.25698,-78.50439
2022-12-16,12.32,551.7,-0.20322,-78.50882
2022-12-17,10.04,495.2,-0.25198,-78.52395
2022-12-18,7.09,556.8,-0.16555,-78.5068
2022-12-19,12.38,410.2,-0.24721,-78.50449
2022-12-20,9.03,564.8,-0.23107,-78.505
2022-12-21,13.03,508.5,-0.19133,-78.49979
2022-12-22,9.54,684.3,-0.26288,-78.50226
2022-12-23,8.99,495.7,-0.21184,-78.50601
2022-12-24,12.18,551.6,-0.17405,-78.5113
2022-12-25,12.11,644.1,-0.27606,-78.52721
2022-12-26,8.02,654.7,-0.21334,-78.5063
2022-12-27,12.32,465.3,-0.2107,-78.50852
2022-12-28,10.04,616.1,-0.19244,-78.50788
2022-12-29,9.24,548.7,-0.26309,-78.52337
2022-12-30,9.57,720.9,-0.26602,-78.52141
2022-12-31,14.62,479.8,-0.20153,-78.50007
2023-01-01,11,588.7,-0.20941,-78.511
2023-01-02,10.2,538.3,-0.21103,-78.50378
2023-01-03,10.79,553,-0.20767,-78.51032
2023-01-04,6.96,480.5,-0.2436,-78.5103
2023-01-05,10.82,499.7,-0.21167,-78.50122
2023-01-06,11.41,585,-0.20954,-78.51576
2023-01-07,11.3,472.5,-0.2448,-78.50964
2023-01-08,11.06,578.9,-0.1545,-78.51522
2023-01-09,10.15,518.9,-0.20322,-78.51494
2023-01-10,11.83,616.3,-0.2615,-78.51369
2023-01-11,9.86,651.9,-0.19682,-78.50838
2023-01-12,8.5,508.3,-0.25391,-78.51539
2023-01-13,10.69,617.8,-0.19225,-78.49804
2023-01-14,10.38,535.3,-0.17925,-78.51955
2023-01-15,11.27,512.5,-0.24852,-78.51247
2023-01-16,10.6,556.1,-0.18608,-78.515
2023-01-17,10.19,660.5,-0.20535,-78.49613
2023-01-18,10.75,798,-0.19103,-78.50863
2023-01-19,17.67,702.2,-0.15341,-78.50028
2023-01-20,12.91,501.4,-0.22839,-78.52546
2023-01-21,13.39,477.3,-0.24618,-78.50793
2023-01-22,5.51,522.8,-0.25093,-78.5017
2023-01-23,15.2,488.9,-0.24835,-78.50978
2023-01-24,8.47,479.5,-0.2225,-78.49995
2023-01-25,8.22,608.9,-0.20786,-78.51577
2023-01-26,11.91,598.5,-0.21012,-78.49651
2023-01-27,13.56,450.4,-0.19085,-78.48761
2023-01-28,11.73,590.3,-0.21934,-78.51423
2023-01-29,16.02,445.6,-0.16893,-78.51506
2023-01-30,11.42,575.2,-0.22906,-78.49607
2023-01-31,11.22,761,-0.12459,-78.4948
2023-02-01,12.6,473.2,-0.1979,-78.51583
2023-02-02,11.05,718.9,-0.2498,-78.5148
2023-02-03,14.41,758,-0.25728,-78.51342
2023-02-04,12.77,509.9,-0.20291,-78.52404
2023-02-05,6.87,385.4,-0.22762,-78.51979
2023-02-06,12.04,528.8,-0.19481,-78.52064
2023-02-07,13,481.1,-0.20324,-78.51828
2023-02-08,13.97,752.4,-0.22235,-78.51095
2023-02-09,16.62,432.5,-0.24944,-78.50826
2023-02-10,10,543.9,-0.27282,-78.49509
2023-02-11,6.29,525.8,-0.23543,-78.52058
2023-02-12,13.05,592.6,-0.18983,-78.50076
2023-02-13,12.6,508.1,-0.21231,-78.51274
2023-02-14,11.33,804,-0.2634,-78.51109
2023-02-15,15.42,612.1,-0.21374,-78.50385
2023-02-16,9.54,457.4,-0.20631,-78.52183
2023-02-17,14.31,443.3,-0.25074,-78.50678
2023-02-18,17.78,670.7,-0.21442,-78.50894
2023-02-19,9.94,631.2,-0.21776,-78.50568
2023-02-20,12.01,496.3,-0.2598,-78.50771
2023-02-21,11.88,553.2,-0.20728,-78.48605
2023-02-22,13.74,469.4,-0.20017,-78.51698
2023-02-23,14.82,585.1,-0.18189,-78.51591
2023-02-24,11.37,661.1,-0.18292,-78.51683
2023-02-25,13.5,561.4,-0.26802,-78.51615
2023-02-26,11.11,561.7,-0.25262,-78.51697
2023-02-27,7.82,633.9,-0.20177,-78.49871
2023-02-28,9.14,597.2,-0.20182,-78.49639
2023-03-01,9.56,676.5,-0.20177,-78.51631
2023-03-02,11.25,547,-0.08495,-78.51892
2023-03-03,10.63,455,-0.19982,-78.50589
2023-03-04,12.07,571.8,-0.18006,-78.51612
2023-03-05,12.32,499.3,-0.18641,-78.50427
2023-03-06,6.79,693.6,-0.197,-78.50857
2023-03-07,14.05,562,-0.23083,-78.52576
2023-03-08,13.22,632.1,-0.19324,-78.49512
2023-03-09,11.38,523.3,-0.24685,-78.49264
2023-03-10,11.18,668,-0.22809,-78.51673
2023-03-11,9.52,637.8,-0.23679,-78.51448
2023-03-12,9.78,582.9,-0.21693,-78.50774
2023-03-13,12.57,553.5,-0.13879,-78.50726
2023-03-14,11.39,511.5,-0.28515,-78.50401
2023-03-15,14.95,580.5,-0.19578,-78.4905
2023-03-16,11.8,487.7,-0.27625,-78.51237
2023-03-17,9.87,723.9,-0.23632,-78.51858
2023-03-18,12.89,637.5,-0.18169,-78.52439
2023-03-19,6.51,568.9,-0.21755,-78.51791
2023-03-20,11.21,437.7,-0.25752,-78.51093
2023-03-21,11.58,518.5,-0.24484,-78.49265
2023-03-22,8.63,612.4,-0.19601,-78.51578
2023-03-23,15.23,496.7,-0.24536,-78.50836
2023-03-24,12.22,581.2,-0.21222,-78.51076
2023-03-25,10.66,459.3,-0.2182,-78.49872
2023-03-26,10.89,584.5,-0.24261,-78.48533
2023-03-27,13.34,572.8,-0.14476,-78.51591
2023-03-28,11.89,574.2,-0.19761,-78.51549
2023-03-29,12.82,576.8,-0.29068,-78.50016
2023-03-30,8.65,487.1,-0.21327,-78.50378
2023-03-31,14.02,662.6,-0.24296,-78.49213
2023-04-01,14.31,493.3,-0.18996,-78.50476
2023-04-02,12.35,594.9,-0.24754,-78.51419
2023-04-03,10.96,659.5,-0.22382,-78.50469
2023-04-04,8.08,585,-0.20213,-78.49951
2023-04-05,10.99,447.9,-0.1895,-78.5024
2023-04-06,17.41,569.3,-0.26181,-78.50553
2023-04-07,8.63,565.6,-0.23151,-78.49993
2023-04-08,10.49,486.6,-0.23642,-78.49891
2023-04-09,8.34,626.7,-0.24267,-78.49678
2023-04-10,11.62,497.5,-0.15801,-78.50411
2023-04-11,8.48,583.7,-0.20563,-78.51227
2023-04-12,14.22,645.6,-0.26393,-78.50913
2023-04-13,10.89,558,-0.18767,-78.49853
2023-04-14,11.6,590.4,-0.14552,-78.51877
2023-04-15,13.01,435.5,-0.18366,-78.50691
2023-04-16,14.21,469.3,-0.27298,-78.51453
2023-04-17,11.43,528.5,-0.23675,-78.51031
2023-04-18,11.6,476.2,-0.17546,-78.49782
2023-04-19,14.9,656,-0.24457,-78.50869
2023-04-20,9.95,665,-0.20427,-78.51014
2023-04-21,15.4,565.8,-0.19269,-78.5242
2023-04-22,14.06,514.7,-0.25224,-78.50314
2023-04-23,15.98,530.6,-0.22188,-78.50415
2023-04-24,16.84,543,-0.33324,-78.48897
2023-04-25,13.72,372.9,-0.25565,-78.51368
2023-04-26,14.45,577.1,-0.22864,-78.50841
2023-04-27,13.52,469.4,-0.26347,-78.50811
2023-04-28,12.57,493.6,-0.16267,-78.49483
2023-04-29,13.65,509.6,-0.26985,-78.51155
2023-04-30,10.25,623.2,-0.2352,-78.50781
2023-05-01,14.06,617.4,-0.21522,-78.50452
2023-05-02,10.72,350.5,-0.16936,-78.50873
2023-05-03,7.56,392.7,-0.27006,-78.51506
2023-05-04,4.19,588.5,-0.17909,-78.50866
2023-05-05,15.46,585.8,-0.21944,-78.49986
2023-05-06,10.23,423,-0.25415,-78.52087
2023-05-07,12.35,627.5,-0.20363,-78.50927
2023-05-08,12.85,450.4,-0.21283,-78.5176
2023-05-09,9.85,583.5,-0.24081,-78.49865
2023-05-10,13.64,515.7,-0.21736,-78.52583
2023-05-11,5.99,453.4,-0.23329,-78.51619
2023-05-12,8.29,330.1,-0.21583,-78.50683
2023-05-13,11.09,461,-0.19663,-78.49494
2023-05-14,10.06,436.2,-0.16429,-78.51126
2023-05-15,9.25,518.7,-0.26312,-78.51615
2023-05-16,12.69,424.9,-0.14514,-78.49179
2023-05-17,9.48,542.5,-0.28812,-78.52508
2023-05-18,9.26,518.1,-0.22511,-78.53259
2023-05-19,12.24,369.1,-0.19921,-78.5062
2023-05-20,5.98,536,-0.20997,-78.51562
2023-05-21,6.54,478.6,-0.24159,-78.52081
2023-05-22,14.9,479.2,-0.22708,-78.50352
2023-05-23,9.82,559.3,-0.23706,-78.50816
2023-05-24,14.79,404.2,-0.24043,-78.51624
2023-05-25,9.07,495.7,-0.19006,-78.5234
2023-05-26,13.02,370.1,-0.2073,-78.50188
2023-05-27,11.08,366.3,-0.24405,-78.5041
2023-05-28,10.79,419.8,-0.18831,-78.51159
2023-05-29,12.72,326.5,-0.20904,-78.49213
2023-05-30,10.77,380.8,-0.19135,-78.5213
2023-05-31,4.35,363.4,-0.19776,-78.52586
2023-06-01,11.07,372.3,-0.24881,-78.51752
2023-06-02,9.54,451.7,-0.23941,-78.51106
2023-06-03,7.69,532,-0.19364,-78.50817
2023-06-04,8.23,409.7,-0.19844,-78.51301
2023-06-05,13.62,391,-0.22053,-78.50708
2023-06-06,7.98,481.3,-0.21569,-78.52312
2023-06-07,8.07,421.6,-0.17508,-78.49616
2023-06-08,7.94,451.4,-0.2405,-78.51142
2023-06-09,8.3,434,-0.20065,-78.49943
2023-06-10,9.12,461.3,-0.22688,-78.50717
2023-06-11,7.99,518.2,-0.22742,-78.50603
2023-06-12,9.57,455.3,-0.18134,-78.5049
2023-06-13,7.82,379.2,-0.19091,-78.50612
2023-06-14,5.32,533.4,-0.19133,-78.50417
2023-06-15,10.84,467.4,-0.17411,-78.49731
2023-06-16,10.16,407.6,-0.21906,-78.50863
2023-06-17,6.15,389.1,-0.19593,-78.50351
2023-06-18,10.72,335.3,-0.23066,-78.5115
2023-06-19,9.01,445.1,-0.20845,-78.4962
2023-06-20,7.63,430.9,-0.22436,-78.51736
2023-06-21,7.31,361.3,-0.21641,-78.49259
2023-06-22,5.02,433.2,-0.19897,-78.511
2023-06-23,8.17,457.4,-0.24844,-78.52491
2023-06-24,4.31,446.6,-0.14657,-78.50932
2023-06-25,3.18,469.7,-0.25501,-78.51741
2023-06-26,4.89,343.9,-0.2623,-78.50219
2023-06-27,6.48,610.1,-0.17927,-78.51713
2023-06-28,7.07,219.3,-0.19209,-78.51506
2023-06-29,7.67,375.1,-0.19796,-78.5295
2023-06-30,7.3,548.5,-0.19781,-78.51512
2023-07-01,10.31,460.6,-0.22023,-78.53484
2023-07-02,8.19,290.9,-0.2512,-78.52644
2023-07-03,7.96,379.3,-0.21715,-78.503
2023-07-04,8.37,289.1,-0.2435,-78.50274
2023-07-05,8.01,295.9,-0.18567,-78.50635
2023-07-06,13.92,444.3,-0.22495,-78.52027
2023-07-07,9.04,301.2,-0.24869,-78.51108
2023-07-08,0.5,330.9,-0.23105,-78.51064
2023-07-09,7.07,303.8,-0.20535,-78.52218
2023-07-10,7.3,386.9,-0.23953,-78.49557
2023-07-11,9.55,400.8,-0.24858,-78.50183
2023-07-12,7.93,329.2,-0.21127,-78.51281
2023-07-13,10.5,315.5,-0.21123,-78.51033
2023-07-14,13.25,453,-0.23754,-78.50852
2023-07-15,8.38,422.7,-0.23629,-78.53102
2023-07-16,3.39,508.8,-0.21168,-78.51307
2023-07-17,2.17,321.5,-0.27048,-78.51742
2023-07-18,10.8,240.8,-0.26906,-78.52062
2023-07-19,7.92,445.3,-0.24495,-78.51341
2023-07-20,5.43,332.4,-0.22727,-78.49262
2023-07-21,10.82,425.7,-0.20892,-78.50419
2023-07-22,5.66,345,-0.16816,-78.51631
2023-07-23,4.58,263.7,-0.18978,-78.50487
2023-07-24,4.55,378.4,-0.2254,-78.49661
2023-07-25,8.09,467.4,-0.22047,-78.50135
2023-07-26,9.23,369.2,-0.25489,-78.51
2023-07-27,6.84,385.3,-0.22045,-78.51707
2023-07-28,10.09,299.2,-0.2299,-78.50362
2023-07-29,9.19,363.4,-0.2085,-78.50667
2023-07-30,7.8,396,-0.24875,-78.50165
2023-07-31,8.09,434.7,-0.20162,-78.50425
2023-08-01,12.62,341.6,-0.16615,-78.5001
2023-08-02,5.03,245.4,-0.22361,-78.51595
2023-08-03,9.79,398.5,-0.20574,-78.49743
2023-08-04,2.44,363.8,-0.19564,-78.50862
2023-08-05,3.69,274.9,-0.23384,-78.48985
2023-08-06,5.43,390.8,-0.21196,-78.51749
2023-08-07,9.4,438.9,-0.21936,-78.49324
2023-08-08,4.34,272.3,-0.21638,-78.50862
2023-08-09,3.43,382.1,-0.24686,-78.51711
2023-08-10,7.16,378.1,-0.21894,-78.51544
2023-08-11,4.83,276,-0.20237,-78.5138
2023-08-12,5.18,444.8,-0.16901,-78.50636
2023-08-13,7.63,264.9,-0.18623,-78.50537
2023-08-14,5.94,400.3,-0.14444,-78.51634
2023-08-15,5.42,523.5,-0.24666,-78.51084
2023-08-16,2.8,422.5,-0.18927,-78.48918
2023-08-17,7.41,405.1,-0.21338,-78.49332
2023-08-18,9.88,261.6,-0.14316,-78.50624
2023-08-19,8.34,296,-0.24809,-78.51022
2023-08-20,4.2,311.9,-0.24919,-78.5094
2023-08-21,8.91,301.6,-0.24078,-78.50446
2023-08-22,5.6,456.4,-0.29414,-78.52083
2023-08-23,5.25,315.9,-0.2382,-78.51317
2023-08-24,8.68,404.5,-0.24637,-78.52729
2023-08-25,9.84,450,-0.21454,-78.50661
2023-08-26,5.78,234.6,-0.20784,-78.50413
2023-08-27,8.89,307.2,-0.15413,-78.51543
2023-08-28,4.67,289.8,-0.18654,-78.49486
2023-08-29,5.14,429.1,-0.23999,-78.52286
2023-08-30,5.42,182.6,-0.25124,-78.52524
2023-08-31,10.82,287.2,-0.20258,-78.50836
2023-09-01,5.98,329,-0.26601,-78.50013
2023-09-02,10.83,353.8,-0.1557,-78.49376
2023-09-03,5.52,240.4,-0.17852,-78.51519
2023-09-04,4.75,360.2,-0.23622,-78.49981
2023-09-05,4.1,322.4,-0.27976,-78.51099
2023-09-06,9.27,445.2,-0.17241,-78.51233
2023-09-07,5.13,327.1,-0.22381,-78.50176
2023-09-08,7.28,348.5,-0.17648,-78.50408
2023-09-09,9.55,296.5,-0.2756,-78.52636
2023-09-10,7.26,304.2,-0.24078,-78.49583
2023-09-11,4.32,333.4,-0.21962,-78.4968
2023-09-12,6.59,318.4,-0.21816,-78.51686
2023-09-13,9.52,314.1,-0.23555,-78.50664
2023-09-14,6.36,361.5,-0.198,-78.50566
2023-09-15,2.76,378,-0.25717,-78.50799
2023-09-16,10.85,465.9,-0.22478,-78.5161
2023-09-17,12.02,425.7,-0.21559,-78.51732
2023-09-18,7.39,353.3,-0.20179,-78.51086
2023-09-19,7.26,286.2,-0.19489,-78.49887
2023-09-20,6.04,343.8,-0.25916,-78.50516
2023-09-21,9.82,365.1,-0.27349,-78.51431
2023-09-22,6.01,198.1,-0.17508,-78.50288
2023-09-23,6.94,283.2,-0.20817,-78.53909
2023-09-24,4.56,201.1,-0.246,-78.49911
2023-09-25,14.67,309.9,-0.16551,-78.528
2023-09-26,7.16,550,-0.21575,-78.51422
2023-09-27,9.11,357.1,-0.17852,-78.5218
2023-09-28,6.5,382.2,-0.21744,-78.52355
2023-09-29,2.85,418.5,-0.14767,-78.49899
2023-09-30,11.61,397.2,-0.15836,-78.51528
2023-10-01,7.77,300.7,-0.22851,-78.50713
2023-10-02,4.18,388.3,-0.1858,-78.51107
2023-10-03,8.15,215.6,-0.19721,-78.50583
2023-10-04,7.55,385.6,-0.1719,-78.50983
2023-10-05,7.23,276,-0.25357,-78.52343
2023-10-06,7.83,200.9,-0.19579,-78.50064
2023-10-07,9.44,412.9,-0.18276,-78.51554
2023-10-08,11.05,372.3,-0.28136,-78.52617
2023-10-09,7.8,340.6,-0.26121,-78.51488
2023-10-10,9.53,403.7,-0.29117,-78.49559
2023-10-11,7.3,327.7,-0.22923,-78.5021
2023-10-12,11.72,249.7,-0.19469,-78.51409
2023-10-13,12.25,282.1,-0.16722,-78.51409
2023-10-14,9.92,445.3,-0.21721,-78.51382
2023-10-15,12.64,431.2,-0.1628,-78.48983
2023-10-16,5.6,414.5,-0.2681,-78.50678
2023-10-17,4.36,362.8,-0.27942,-78.5063
2023-10-18,7.37,300.2,-0.22174,-78.5003
2023-10-19,10.22,511.5,-0.20636,-78.50821
2023-10-20,7.41,392,-0.22094,-78.51319
2023-10-21,5,237.6,-0.29216,-78.51256
2023-10-22,10.17,402.6,-0.22292,-78.51132
2023-10-23,11.96,261.9,-0.26546,-78.51097
2023-10-24,4.72,318.1,-0.19636,-78.50332
2023-10-25,10.09,324.3,-0.20697,-78.51008
2023-10-26,4.77,342.7,-0.2527,-78.50327
2023-10-27,7.38,428,-0.23779,-78.51141
2023-10-28,5.84,345.3,-0.25687,-78.50981
2023-10-29,8.83,382.9,-0.22199,-78.53058
2023-10-30,6.75,300.3,-0.18637,-78.50144
2023-10-31,10.84,377.6,-0.2543,-78.50714
2023-11-01,7.28,295.5,-0.20216,-78.50062
2023-11-02,11.98,361.6,-0.23836,-78.53956
2023-11-03,5.4,323.6,-0.24755,-78.48972
2023-11-04,9.8,299.4,-0.22355,-78.512
2023-11-05,7.71,340.1,-0.25603,-78.49952
2023-11-06,5.1,297.8,-0.23918,-78.521
2023-11-07,8.37,342.7,-0.26173,-78.50447
2023-11-08,10.22,305.8,-0.15103,-78.52113
2023-11-09,6.2,464,-0.21857,-78.51684
2023-11-10,7.4,508.5,-0.24429,-78.49146
2023-11-11,11.59,250.3,-0.21231,-78.51251
2023-11-12,5.73,498.7,-0.22373,-78.50843
2023-11-13,9.74,484.4,-0.22753,-78.5019
2023-11-14,11.37,407.9,-0.1983,-78.50564
2023-11-15,5.25,450.5,-0.19329,-78.5091
2023-11-16,7.63,482.7,-0.23837,-78.50695
2023-11-17,6.37,450.4,-0.23995,-78.48657
2023-11-18,11.76,363.4,-0.22943,-78.51118
2023-11-19,8.2,411.8,-0.30037,-78.50859
2023-11-20,11.2,233.3,-0.27283,-78.50009
2023-11-21,9.7,559.2,-0.17196,-78.49954
2023-11-22,15.23,478.8,-0.16223,-78.49873
2023-11-23,12.5,381.3,-0.22852,-78.50421
2023-11-24,12.6,506.8,-0.19962,-78.52203
2023-11-25,11.07,498.7,-0.20891,-78.49427
2023-11-26,13.64,397.9,-0.11204,-78.52206
2023-11-27,10.46,416.1,-0.18061,-78.50757
2023-11-28,9.64,405.5,-0.22428,-78.51814
2023-11-29,8.73,500.2,-0.25324,-78.51124
2023-11-30,9.34,451,-0.27603,-78.50731
2023-12-01,14.66,543.6,-0.21268,-78.50739
2023-12-02,10.67,482.6,-0.24627,-78.50638
2023-12-03,13.77,406.8,-0.26958,-78.49446
2023-12-04,8.49,553.5,-0.24243,-78.50606
2023-12-05,8.79,448.3,-0.25765,-78.51304
2023-12-06,10.82,517.9,-0.16075,-78.50096
2023-12-07,8.04,572.6,-0.18894,-78.49871
2023-12-08,12.97,435.8,-0.22008,-78.52288
2023-12-09,13.45,425.9,-0.168,-78.50463
2023-12-10,13.11,483.7,-0.21709,-78.50359
2023-12-11,11.5,489.4,-0.24994,-78.51358
2023-12-12,6.26,597.5,-0.16649,-78.49684
2023-12-13,13.6,416.1,-0.20094,-78.5121
2023-12-14,8.18,509.8,-0.2561,-78.50934
2023-12-15,13.73,447.8,-0.22646,-78.51233
2023-12-16,11.17,442.9,-0.25045,-78.51044
2023-12-17,13.41,440.8,-0.2682,-78.52156
2023-12-18,10.78,540,-0.18738,-78.525
2023-12-19,4.23,460.1,-0.15297,-78.49465
2023-12-20,5.52,454.8,-0.26875,-78.51907
2023-12-21,13.78,546.8,-0.2001,-78.52051
2023-12-22,11.17,552.1,-0.24257,-78.53213
2023-12-23,9.2,438.2,-0.23685,-78.51699
2023-12-24,11.35,390.5,-0.24053,-78.52383
2023-12-25,9.96,452.9,-0.25004,-78.49418
2023-12-26,11.99,412.3,-0.2181,-78.5005
2023-12-27,14.04,529.8,-0.24888,-78.51748
2023-12-28,9.44,460.6,-0.21033,-78.48808
2023-12-29,11.62,452.3,-0.22156,-78.50078
2023-12-30,15.55,492,-0.22816,-78.51385
2023-12-31,9.91,476.9,-0.25156,-78.53559
2024-01-01,8.29,655.3,-0.23999,-78.48769
2024-01-02,14.73,606.2,-0.19336,-78.5245
2024-01-03,12.01,616,-0.20227,-78.52705
2024-01-04,9.79,547,-0.25401,-78.50037
2024-01-05,10.5,593.9,-0.21632,-78.4862
2024-01-06,6.6,457.2,-0.1935,-78.49676
2024-01-07,12.12,398,-0.27823,-78.50496
2024-01-08,10.42,652.4,-0.20078,-78.50465
2024-01-09,6.28,426.4,-0.24299,-78.50207
2024-01-10,9.72,573.6,-0.19983,-78.50301
2024-01-11,10.29,576.4,-0.24651,-78.50779
2024-01-12,13.54,541.6,-0.28297,-78.50956
2024-01-13,13.31,522.9,-0.27676,-78.51123
2024-01-14,10.76,659.4,-0.21812,-78.51814
2024-01-15,10.46,590.6,-0.21071,-78.51341
2024-01-16,10.44,544.1,-0.25145,-78.52753
2024-01-17,9.69,493.1,-0.19745,-78.51158
2024-01-18,12.79,612.9,-0.27795,-78.52049
2024-01-19,9.8,710.4,-0.22211,-78.52164
2024-01-20,13.24,655.4,-0.26219,-78.5088
2024-01-21,13.66,616.6,-0.24261,-78.49668
2024-01-22,18.82,486.5,-0.21814,-78.50142
2024-01-23,14.52,536.4,-0.24991,-78.52631
2024-01-24,11.92,583.5,-0.23326,-78.5205
2024-01-25,10.07,538.9,-0.18458,-78.50119
2024-01-26,11.68,483.4,-0.23999,-78.52042
2024-01-27,11.53,594.3,-0.19055,-78.51285
2024-01-28,9.28,623.9,-0.25934,-78.5051
2024-01-29,10.24,489.7,-0.20126,-78.52028
2024-01-30,9.55,620.3,-0.16935,-78.50955
2024-01-31,10.1,512,-0.30631,-78.52394
2024-02-01,13.21,545.3,-0.24769,-78.51661
2024-02-02,11.84,590.7,-0.1996,-78.5074
2024-02-03,15.07,636.9,-0.22691,-78.52653
2024-02-04,13.78,642.6,-0.20681,-78.5062
2024-02-05,16.55,647.5,-0.24094,-78.5108
2024-02-06,15.73,724.6,-0.21677,-78.50508
2024-02-07,12.55,549.6,-0.22525,-78.50836
2024-02-08,13.31,515.6,-0.17893,-78.49696
2024-02-09,18.28,513.1,-0.2109,-78.50935
2024-02-10,12.54,606.9,-0.20798,-78.51489
2024-02-11,10.03,538.5,-0.23422,-78.50938
2024-02-12,13.29,674.1,-0.23687,-78.50517
2024-02-13,15.21,572.8,-0.23494,-78.51011
2024-02-14,21.01,548.7,-0.20599,-78.51019
2024-02-15,13.39,582.9,-0.23453,-78.51762
2024-02-16,9.12,567.2,-0.20966,-78.51723
2024-02-17,14.01,626.2,-0.14716,-78.52463
2024-02-18,15.12,652.6,-0.18931,-78.4931
2024-02-19,12.32,662.2,-0.23121,-78.52304
2024-02-20,14.52,689.3,-0.17776,-78.51753
2024-02-21,10.78,485,-0.23408,-78.51778
2024-02-22,10.89,659.7,-0.29113,-78.50165
2024-02-23,14.48,632.7,-0.25508,-78.51355
2024-02-24,14.75,661.2,-0.28528,-78.49812
2024-02-25,10.67,646.2,-0.2321,-78.51733
2024-02-26,10.91,504.7,-0.21916,-78.50781
2024-02-27,13.19,721.5,-0.16112,-78.51895
2024-02-28,8.92,545.1,-0.20836,-78.48915
2024-02-29,16.57,605.9,-0.22747,-78.52248
2024-03-01,9.61,496.8,-0.19077,-78.5075
2024-03-02,10.5,728.1,-0.29719,-78.50426
2024-03-03,13.65,595.3,-0.21155,-78.50646
2024-03-04,13.8,480.3,-0.19282,-78.51245
2024-03-05,8.39,527.4,-0.27155,-78.5119
2024-03-06,7.69,570,-0.17977,-78.51016
2024-03-07,11.22,589.8,-0.20795,-78.51207
2024-03-08,8.04,728.2,-0.23434,-78.50096
2024-03-09,12.03,696.6,-0.19765,-78.48849
2024-03-10,14.89,569.8,-0.14033,-78.51617
2024-03-11,13.62,614.8,-0.21343,-78.5243
2024-03-12,15.72,477.7,-0.21111,-78.51148
2024-03-13,9.54,523.2,-0.23588,-78.4848
2024-03-14,14.19,648.6,-0.24954,-78.51864
2024-03-15,9.21,605.5,-0.19074,-78.49421
2024-03-16,14.64,735.2,-0.24976,-78.49382
2024-03-17,12.14,571,-0.2173,-78.51614
2024-03-18,7.04,656.3,-0.23652,-78.50491
2024-03-19,12.44,651.4,-0.20304,-78.49432
2024-03-20,8.19,466,-0.20812,-78.51439
2024-03-21,8.39,577.4,-0.18349,-78.51264
2024-03-22,8.82,505,-0.23765,-78.51642
2024-03-23,11.35,396.5,-0.22925,-78.52075
2024-03-24,15.72,470.6,-0.25406,-78.51709
2024-03-25,10.87,715,-0.23535,-78.52284
2024-03-26,12.01,703.2,-0.20659,-78.51026
2024-03-27,7.94,602.5,-0.19331,-78.5183
2024-03-28,15.35,558.9,-0.25208,-78.50826
2024-03-29,9.84,409.3,-0.18936,-78.52616
2024-03-30,19.05,581.7,-0.17235,-78.50729
2024-03-31,13.28,560.9,-0.20533,-78.50226
2024-04-01,13.08,534.7,-0.15411,-78.53054
2024-04-02,15.8,652.1,-0.24688,-78.50686
2024-04-03,13.44,468.1,-0.26336,-78.49832
2024-04-04,12.18,503.7,-0.28206,-78.5227
2024-04-05,11.82,592,-0.16744,-78.49387
2024-04-06,13.09,527.3,-0.1969,-78.50641
2024-04-07,8.27,598.6,-0.22175,-78.51765
2024-04-08,11.07,555.5,-0.21,-78.51116
2024-04-09,6.77,416.1,-0.25919,-78.50502
2024-04-10,12.59,595.8,-0.1342,-78.50984
2024-04-11,11.33,562.4,-0.21528,-78.50521
2024-04-12,9.76,567.7,-0.21597,-78.51981
2024-04-13,8.82,563.9,-0.1944,-78.50891
2024-04-14,12.64,620,-0.20296,-78.52474
2024-04-15,10.69,601.8,-0.21196,-78.51171
2024-04-16,5.31,611.5,-0.24747,-78.51964
2024-04-17,12.87,588.9,-0.2033,-78.51796
2024-04-18,9.97,630.1,-0.15393,-78.49824
2024-04-19,10.29,610.1,-0.17271,-78.49969
2024-04-20,10.32,397.1,-0.16404,-78.50451
2024-04-21,7.92,425.5,-0.23769,-78.52152
2024-04-22,12.71,591.6,-0.25444,-78.51376
2024-04-23,11.53,464.2,-0.2242,-78.49847
2024-04-24,12.72,559,-0.21785,-78.50918
2024-04-25,11.85,560.7,-0.1815,-78.48741
2024-04-26,11.06,435.6,-0.27904,-78.50667
2024-04-27,10.43,449.7,-0.16627,-78.50868
2024-04-28,13.34,600.8,-0.22533,-78.51369
2024-04-29,11.28,481.4,-0.23474,-78.50926
2024-04-30,12.1,474.4,-0.25522,-78.51212
2024-05-01,14.48,517.6,-0.27772,-78.50352
2024-05-02,7.45,462.8,-0.19099,-78.50103
2024-05-03,16.08,584.6,-0.21723,-78.51846
2024-05-04,11.02,346.7,-0.26495,-78.52391
2024-05-05,11.81,486.3,-0.26513,-78.52896
2024-05-06,13.25,559.3,-0.23155,-78.50552
2024-05-07,15.16,409.1,-0.16138,-78.52163
2024-05-08,8.59,528.2,-0.22889,-78.53213
2024-05-09,8.66,636.1,-0.27241,-78.50671
2024-05-10,6.6,478.6,-0.2284,-78.48567
2024-05-11,13.89,538,-0.22935,-78.51066
2024-05-12,14.71,568,-0.31419,-78.50222
2024-05-13,12.05,445.9,-0.18185,-78.50697
2024-05-14,11.43,444.3,-0.14353,-78.4834
2024-05-15,11.78,532.6,-0.19517,-78.51588
2024-05-16,12.11,444.5,-0.20405,-78.49762
2024-05-17,9.51,509.6,-0.22942,-78.50053
2024-05-18,8.87,578.3,-0.24623,-78.5006
2024-05-19,8.56,537.6,-0.1521,-78.49779
2024-05-20,11.27,423.7,-0.18755,-78.47813
2024-05-21,8.36,499.8,-0.15418,-78.48209
2024-05-22,11,441.4,-0.1276,-78.49282
2024-05-23,12.05,373.9,-0.14896,-78.47896
2024-05-24,10.24,555.4,-0.20018,-78.50092
2024-05-25,9.66,416,-0.17613,-78.50228
2024-05-26,13.18,386.3,-0.20272,-78.48166
2024-05-27,9.74,572.5,-0.20599,-78.4845
2024-05-28,13.23,285.8,-0.1692,-78.4949
2024-05-29,7.44,480,-0.21033,-78.50165
2024-05-30,11.47,591.2,-0.25852,-78.4757
2024-05-31,5.07,478,-0.21229,-78.5075
2024-06-01,13.75,589.5,-0.19194,-78.49628
2024-06-02,10.25,433.5,-0.12795,-78.48801
2024-06-03,12.1,565.3,-0.19838,-78.47228
2024-06-04,6.34,612.3,-0.16328,-78.48647
2024-06-05,12.74,410.7,-0.18709,-78.4855
2024-06-06,13.73,414.9,-0.13828,-78.49599
2024-06-07,7.44,535.3,-0.1407,-78.48462
2024-06-08,7.44,336.8,-0.14003,-78.48925
2024-06-09,10.67,496.1,-0.24189,-78.50618
2024-06-10,9.21,385.4,-0.17396,-78.48237
2024-06-11,7.01,456.2,-0.15464,-78.4806
2024-06-12,12.38,288.4,-0.16785,-78.48227
2024-06-13,5.62,637.9,-0.15892,-78.48997
2024-06-14,7.32,484.4,-0.17916,-78.49986
2024-06-15,9.85,474.4,-0.20727,-78.51339
2024-06-16,4.71,419.1,-0.2406,-78.48873
2024-06-17,9.06,277.7,-0.20379,-78.47948
2024-06-18,3.47,340.8,-0.08747,-78.48034
2024-06-19,7.02,339.5,-0.1982,-78.48214
2024-06-20,10.58,337.6,-0.24978,-78.49104
2024-06-21,10.76,464.2,-0.15556,-78.47943
2024-06-22,7.29,555.1,-0.15126,-78.48106
2024-06-23,10.84,430.7,-0.13614,-78.49453
2024-06-24,10.38,536.2,-0.16472,-78.48353
2024-06-25,8.93,444.2,-0.1516,-78.49566
2024-06-26,9.92,383.6,-0.11679,-78.4849
2024-06-27,10.59,417.8,-0.20729,-78.50329
2024-06-28,6.84,404.9,-0.21423,-78.50252
2024-06-29,13.01,359.7,-0.21951,-78.47972
2024-06-30,4.7,449.3,-0.1905,-78.48092
2024-07-01,9.13,278.3,-0.13103,-78.48396
2024-07-02,4.46,427.1,-0.16272,-78.48942
2024-07-03,9.8,433.7,-0.1641,-78.51421
2024-07-04,6.93,268.3,-0.24488,-78.49105
2024-07-05,10.75,386.2,-0.20546,-78.48576
2024-07-06,9.47,388.6,-0.24545,-78.49565
2024-07-07,11.87,410.8,-0.14021,-78.49742
2024-07-08,9.51,444.3,-0.1257,-78.47586
2024-07-09,2.65,327.5,-0.15392,-78.4909
2024-07-10,1.13,492.7,-0.21574,-78.48575
2024-07-11,10.34,432.7,-0.12933,-78.48256
2024-07-12,9.18,447.4,-0.19006,-78.50031
2024-07-13,10.09,187.9,-0.22371,-78.48837
2024-07-14,6.6,258.5,-0.21495,-78.4771
2024-07-15,10.92,302.9,-0.19626,-78.47211
2024-07-16,7.49,234.7,-0.17946,-78.4899
2024-07-17,4.16,362.6,-0.18685,-78.49268
2024-07-18,9.1,307,-0.23064,-78.48761
2024-07-19,9.28,356.1,-0.13873,-78.48786
2024-07-20,10.64,201.1,-0.18647,-78.47643
2024-07-21,10.43,319.5,-0.20618,-78.50026
2024-07-22,7.95,212.3,-0.14234,-78.4931
2024-07-23,5.62,273,-0.22262,-78.50147
2024-07-24,3.4,356.8,-0.23821,-78.50042
2024-07-25,7.95,425.5,-0.13666,-78.48653
2024-07-26,6.01,240.3,-0.115,-78.4822
2024-07-27,3.96,347.2,-0.19737,-78.49679
2024-07-28,9.74,312.1,-0.18281,-78.48258
2024-07-29,6.68,300.3,-0.22133,-78.47918
2024-07-30,7.38,165.5,-0.18101,-78.47095
2024-07-31,3.91,385.9,-0.19785,-78.4896
2024-08-01,9.2,472,-0.18477,-78.4967
2024-08-02,8.83,289.7,-0.16688,-78.50032
2024-08-03,9.95,402.3,-0.21964,-78.50132
2024-08-04,11.3,493.1,-0.19386,-78.4778
2024-08-05,5.98,222.9,-0.24433,-78.50545
2024-08-06,4.71,262.2,-0.19362,-78.47812
2024-08-07,5.99,420.1,-0.18447,-78.49898
2024-08-08,2.84,335.5,-0.17319,-78.49715
2024-08-09,6.01,454.7,-0.17281,-78.49182
2024-08-10,3.4,412.8,-0.14956,-78.49734
2024-08-11,8.27,315.1,-0.23509,-78.48098
2024-08-12,4.98,247.9,-0.23322,-78.47217
2024-08-13,8.13,356.4,-0.16269,-78.49687
2024-08-14,7.17,186.5,-0.25256,-78.49462
2024-08-15,4.59,397.9,-0.17478,-78.49193
2024-08-16,3.11,305,-0.22251,-78.48489
2024-08-17,6.41,261.4,-0.12615,-78.49183
2024-08-18,5.89,255.9,-0.17243,-78.47643
2024-08-19,7.23,255.4,-0.18887,-78.47883
2024-08-20,4.82,408.4,-0.13823,-78.50215
2024-08-21,7.06,323.4,-0.21842,-78.48509
2024-08-22,6.56,383.6,-0.21177,-78.4751
2024-08-23,7.25,426.1,-0.22535,-78.49525
2024-08-24,4.24,315,-0.21148,-78.49324
2024-08-25,5.2,304.9,-0.17906,-78.49558
2024-08-26,9.27,347.3,-0.16391,-78.49537
2024-08-27,6.02,195.1,-0.14755,-78.50698
2024-08-28,5.79,370.2,-0.24507,-78.50358
2024-08-29,1.51,422.3,-0.18722,-78.48953
2024-08-30,4.08,406.9,-0.21999,-78.47516
2024-08-31,10.46,303.9,-0.18839,-78.49643
2024-09-01,7.69,330.4,-0.0995,-78.49673
2024-09-02,4.41,208.9,-0.17098,-78.47328
2024-09-03,7.95,304.6,-0.14972,-78.50138
2024-09-04,9.55,317.7,-0.11258,-78.50691
2024-09-05,2.11,229.4,-0.14174,-78.49859
2024-09-06,2.88,246.1,-0.19688,-78.49693
2024-09-07,8.44,457.4,-0.22585,-78.50777
2024-09-08,1.51,417.5,-0.18226,-78.49158
2024-09-09,9.1,379.4,-0.20107,-78.48082
2024-09-10,6.74,243.8,-0.23456,-78.50316
2024-09-11,3.16,334.9,-0.17277,-78.48942
2024-09-12,4.66,188.3,-0.17189,-78.48634
2024-09-13,8.04,388,-0.11928,-78.49113
2024-09-14,7.59,403.3,-0.19386,-78.48844
2024-09-15,5.61,332.1,-0.1714,-78.48833
2024-09-16,9.3,402.6,-0.20449,-78.49843
2024-09-17,8.94,363.6,-0.15064,-78.47531
2024-09-18,6.98,167,-0.18556,-78.47782
2024-09-19,4.96,354.6,-0.22224,-78.4784
2024-09-20,2.78,340.4,-0.18167,-78.48016
2024-09-21,5.28,396.3,-0.16753,-78.50605
2024-09-22,8.74,226.4,-0.17227,-78.48104
2024-09-23,6.91,243.8,-0.14459,-78.48374
2024-09-24,3.56,336.7,-0.23188,-78.50567
2024-09-25,8.7,366.2,-0.2107,-78.49245
2024-09-26,2.43,294.9,-0.15881,-78.48753
2024-09-27,10.97,436.7,-0.20658,-78.47366
2024-09-28,5.1,326.6,-0.17278,-78.48305
2024-09-29,3.84,530.1,-0.26589,-78.49895
2024-09-30,10.91,364.8,-0.08614,-78.47335
2024-10-01,2.63,398.5,-0.19064,-78.48986
2024-10-02,5.72,197,-0.13941,-78.49286
2024-10-03,8.2,355.2,-0.19299,-78.49357
2024-10-04,7.39,353.8,-0.16669,-78.50654
2024-10-05,6.07,493.8,-0.12898,-78.4914
2024-10-06,7.82,320.1,-0.1404,-78.48533
2024-10-07,11.02,406.2,-0.18836,-78.49415
2024-10-08,8.73,320.7,-0.18593,-78.4861
2024-10-09,8.09,366.7,-0.14608,-78.49894
2024-10-10,9.74,242.5,-0.09954,-78.49171
2024-10-11,7.4,358,-0.17447,-78.48713
2024-10-12,11.51,408.1,-0.1127,-78.4884
2024-10-13,7.49,326.9,-0.18965,-78.50635
2024-10-14,8.75,392.6,-0.14788,-78.49469
2024-10-15,10.74,272.7,-0.14266,-78.47353
2024-10-16,12.22,312.4,-0.19555,-78.49522
2024-10-17,3.44,344.2,-0.20735,-78.49014
2024-10-18,4.42,432.1,-0.14111,-78.49117
2024-10-19,7.32,411.3,-0.1998,-78.47462
2024-10-20,8.52,378.3,-0.2125,-78.4774
2024-10-21,9.47,509.8,-0.20514,-78.48222
2024-10-22,14.75,416.5,-0.19995,-78.50003
2024-10-23,8.64,251.1,-0.15122,-78.48671
2024-10-24,8.97,265,-0.16317,-78.48462
2024-10-25,3.42,245.9,-0.15615,-78.49729
2024-10-26,9.53,428.7,-0.16645,-78.49901
2024-10-27,11.74,413.9,-0.20198,-78.47325
2024-10-28,7.69,491.3,-0.1568,-78.49331
2024-10-29,7.9,265.2,-0.13981,-78.47415
2024-10-30,8.48,268.7,-0.16074,-78.48033
2024-10-31,7.14,265.4,-0.16546,-78.48622
2024-11-01,5.95,286.4,-0.20805,-78.48577
2024-11-02,10.59,453.7,-0.17379,-78.5043
2024-11-03,3.86,405.5,-0.20991,-78.48823
2024-11-04,7.98,391,-0.18204,-78.47613
2024-11-05,22,1327,-0.23861,-78.48349
2024-11-06,3.38,324.4,-0.23834,-78.48876
2024-11-07,8.87,402.3,-0.18789,-78.47318
2024-11-08,9.57,486,-0.2004,-78.49215
2024-11-09,11.82,413.6,-0.17746,-78.4965
2024-11-10,9.55,280.6,-0.18592,-78.48876
2024-11-11,8.19,394.7,-0.18014,-78.48264
2024-11-12,7.95,481.7,-0.1599,-78.50748
2024-11-13,6.56,521.5,-0.19741,-78.48745
2024-11-14,8.52,420.5,-0.18888,-78.4822
2024-11-15,8.87,427.6,-0.13027,-78.493
2024-11-16,10.71,469.9,-0.18109,-78.47923
2024-11-17,3.95,430.8,-0.18747,-78.48389
2024-11-18,10.29,390.2,-0.17831,-78.46889
2024-11-19,13.85,365.8,-0.18685,-78.49781
2024-11-20,8.8,340.4,-0.20604,-78.48199
2024-11-21,14.2,589.4,-0.21613,-78.50047
2024-11-22,14.65,430.1,-0.20792,-78.50645
2024-11-23,11.43,310.9,-0.15065,-78.51066
2024-11-24,5.4,411.4,-0.20325,-78.48492
2024-11-25,5.89,447.7,-0.18662,-78.48846
2024-11-26,11.01,437.1,-0.15667,-78.49509
2024-11-27,8.45,501.3,-0.19094,-78.50804
2024-11-28,15.71,378,-0.15903,-78.4972
2024-11-29,7.29,462.5,-0.23513,-78.49026
2024-11-30,11.39,584,-0.18584,-78.48237
2024-12-01,6.28,475.4,-0.17844,-78.49047
2024-12-02,14.16,508.5,-0.18039,-78.48778
2024-12-03,7.89,447.5,-0.23905,-78.49406
2024-12-04,12.54,353,-0.13909,-78.47281
2024-12-05,7.49,397,-0.21111,-78.50048
2024-12-06,8.96,528.9,-0.16947,-78.49729
2024-12-07,8.75,413.4,-0.18092,-78.49522
2024-12-08,9.21,401.4,-0.14607,-78.48487
2024-12-09,10.32,412.3,-0.10464,-78.50069
2024-12-10,12.54,426.3,-0.22636,-78.48894
2024-12-11,10.96,475.6,-0.20391,-78.48865
2024-12-12,9.59,428,-0.17458,-78.49724
2024-12-13,10.78,494.5,-0.21989,-78.487
2024-12-14,5.96,640.7,-0.15382,-78.50038
2024-12-15,10.31,544,-0.15168,-78.50147
2024-12-16,10.99,394.2,-0.16162,-78.4893
2024-12-17,5.67,441.4,-0.17292,-78.5069
2024-12-18,9.12,545.3,-0.13326,-78.51175
2024-12-19,12.26,475.2,-0.22165,-78.48497
2024-12-20,15.65,479.3,-0.17892,-78.47981
2024-12-21,10.2,690.5,-0.20706,-78.49497
2024-12-22,7.44,451.4,-0.15005,-78.49698
2024-12-23,11.04,538.5,-0.24537,-78.48024
2024-12-24,13.43,560.6,-0.18218,-78.50176
2024-12-25,10.05,430,-0.16947,-78.50393
2024-12-26,11.24,493.5,-0.21436,-78.48322
2024-12-27,11.07,559.2,-0.20312,-78.49021
2024-12-28,15.09,398.1,-0.18066,-78.47965
2024-12-29,11.92,368.8,-0.14777,-78.5117
2024-12-30,9.96,466.8,-0.21735,-78.50431
2024-12-31,14.02,444.5,-0.21125,-78.49016
2025-01-01,15.34,520.2,-0.1418,-78.48612
2025-01-02,14.25,512.6,-0.19075,-78.48183
2025-01-03,10.86,595.6,-0.20841,-78.48855
2025-01-04,10.27,689.2,-0.1557,-78.48865
2025-01-05,12.26,462.4,-0.19829,-78.49419
2025-01-06,7.81,490.9,-0.14524,-78.47439
2025-01-07,9.96,465.4,-0.20443,-78.50133
2025-01-08,9.05,578.3,-0.18679,-78.48671
2025-01-09,14.64,613.2,-0.14813,-78.50018
2025-01-10,10.72,551.8,-0.18912,-78.48495
2025-01-11,13.19,486.9,-0.15474,-78.50067
2025-01-12,10.93,614.1,-0.18349,-78.48286
2025-01-13,12.68,401,-0.11184,-78.48918
2025-01-14,13.42,442.9,-0.12629,-78.47285
2025-01-15,8.47,488,-0.22768,-78.49311
2025-01-16,11.22,563.7,-0.16292,-78.48605
2025-01-17,8.13,431,-0.20977,-78.4981
2025-01-18,15.35,603,-0.1745,-78.49318
2025-01-19,15.45,512,-0.17881,-78.48924
2025-01-20,14.21,540.5,-0.21814,-78.50557
2025-01-21,12.58,707,-0.14415,-78.50448
2025-01-22,10.98,538.4,-0.17408,-78.4843
2025-01-23,17.41,517.5,-0.19116,-78.49176
2025-01-24,8.83,511.1,-0.19653,-78.49623
2025-01-25,15.91,665.2,-0.17631,-78.49767
2025-01-26,14.58,603.8,-0.16692,-78.49728
2025-01-27,13.72,738.9,-0.18557,-78.48917
2025-01-28,14.91,532.6,-0.28034,-78.48585
2025-01-29,13.87,503.9,-0.18061,-78.51122
2025-01-30,17.51,518.4,-0.23165,-78.47617
2025-01-31,10.2,572.1,-0.18853,-78.47688
2025-02-01,16.41,622.1,-0.23036,-78.51361
2025-02-02,9.63,537.2,-0.23078,-78.47944
2025-02-03,10.66,546.9,-0.13797,-78.47975
2025-02-04,12.89,588.4,-0.1924,-78.4903
2025-02-05,12.28,679.4,-0.19508,-78.50327
2025-02-06,15.96,517.9,-0.16431,-78.48015
2025-02-07,16.95,746.8,-0.19417,-78.49271
2025-02-08,10.03,652.8,-0.10757,-78.48481
2025-02-09,14.03,522.9,-0.19076,-78.46811
2025-02-10,12.96,725.3,-0.16842,-78.48778
2025-02-11,11.84,455,-0.14722,-78.49947
2025-02-12,10.93,537.7,-0.12512,-78.49366
2025-02-13,12.43,685.8,-0.20717,-78.49819
2025-02-14,14.81,559.3,-0.19583,-78.48597
2025-02-15,18.19,655,-0.13659,-78.49836
2025-02-16,15.09,654.5,-0.15285,-78.49503
2025-02-17,16.29,635.3,-0.14357,-78.50314
2025-02-18,13.8,529.8,-0.2291,-78.49162
2025-02-19,13.05,518.8,-0.12702,-78.48853
2025-02-20,12.19,476.8,-0.20785,-78.51715
2025-02-21,12.13,512.3,-0.17447,-78.4877
2025-02-22,14.6,646.5,-0.18639,-78.49076
2025-02-23,12.72,726.9,-0.21195,-78.49795
2025-02-24,15,690.7,-0.23064,-78.47001
2025-02-25,9.65,649,-0.24223,-78.48072
2025-02-26,9.22,723.3,-0.17703,-78.50126
2025-02-27,8.92,642.3,-0.23459,-78.48192
2025-02-28,11.27,728,-0.22088,-78.47786
2025-03-01,7.85,638.5,-0.18883,-78.48898
2025-03-02,10.41,512.1,-0.27356,-78.48669
2025-03-03,7.44,524.3,-0.15394,-78.48692
2025-03-04,4.75,614.7,-0.26555,-78.51116
2025-03-05,11.14,764.5,-0.18391,-78.49217
2025-03-06,13.49,687.2,-0.18067,-78.49269
2025-03-07,7.66,570.6,-0.16237,-78.476
2025-03-08,12.33,645.7,-0.18266,-78.48696
2025-03-09,13.2,466.3,-0.11057,-78.49328
2025-03-10,12.02,582.7,-0.17363,-78.4912
2025-03-11,12.14,641.1,-0.14432,-78.48007
2025-03-12,14.92,582.1,-0.20652,-78.49215
2025-03-13,7.85,601.4,-0.17697,-78.49728
2025-03-14,12.02,566.8,-0.12704,-78.49306
2025-03-15,9.78,592.6,-0.18952,-78.48089
2025-03-16,14.8,511,-0.17447,-78.48534
2025-03-17,13.31,632.8,-0.14687,-78.48986
2025-03-18,14.59,701.3,-0.20718,-78.48838
2025-03-19,13,726.9,-0.25685,-78.4959
2025-03-20,13.95,537,-0.17225,-78.49224
2025-03-21,15.26,679.2,-0.1466,-78.49693
2025-03-22,11.43,569.4,-0.2285,-78.49325
2025-03-23,11.99,697.5,-0.15774,-78.47684
2025-03-24,12.79,500.2,-0.15751,-78.50108
2025-03-25,8.85,534.9,-0.26077,-78.49719
2025-03-26,15.06,451.8,-0.21397,-78.50284
2025-03-27,9.81,544.7,-0.19505,-78.50501
2025-03-28,9.2,734.7,-0.18749,-78.49217
2025-03-29,5.78,656.8,-0.20721,-78.49648
2025-03-30,14.84,524.5,-0.2091,-78.47268
2025-03-31,9.05,489.7,-0.1227,-78.49313
2025-04-01,11.41,655.7,-0.18496,-78.47741
2025-04-02,14.84,605.4,-0.20553,-78.48062
2025-04-03,9.56,532.1,-0.18264,-78.49239
2025-04-04,11.98,606.3,-0.1624,-78.4692
2025-04-05,9.25,520.1,-0.17939,-78.48761
2025-04-06,12.7,550.7,-0.1884,-78.47517
2025-04-07,13.93,528.5,-0.20395,-78.47633
2025-04-08,9.16,529.5,-0.20437,-78.48615
2025-04-09,8.25,585.7,-0.20212,-78.48279
2025-04-10,14.14,563.5,-0.16934,-78.48406
2025-04-11,12.96,557.5,-0.216,-78.50174
2025-04-12,14.9,463.8,-0.16744,-78.48973
2025-04-13,14.24,663.6,-0.13175,-78.47956
2025-04-14,13.09,498.1,-0.1698,-78.47504
2025-04-15,10.91,596.4,-0.19414,-78.49751
2025-04-16,11.82,546.4,-0.22663,-78.48501
2025-04-17,13.94,592.3,-0.12597,-78.48879
2025-04-18,13.58,450.7,-0.22215,-78.49148
2025-04-19,13.31,609.6,-0.1515,-78.48674
2025-04-20,8.07,580.3,-0.15885,-78.48812
2025-04-21,7.22,576.2,-0.18949,-78.48489
2025-04-22,14.34,619.3,-0.1904,-78.47588
2025-04-23,7.64,623.4,-0.24545,-78.48246
2025-04-24,12.46,455.7,-0.16965,-78.48719
2025-04-25,17.94,633.7,-0.1595,-78.47165
2025-04-26,16.13,456.1,-0.21932,-78.4792
2025-04-27,10.88,546.7,-0.18665,-78.49122
2025-04-28,11.58,563.8,-0.17987,-78.50247
2025-04-29,5.76,454.6,-0.16074,-78.50018
2025-04-30,12.96,409.4,-0.18107,-78.48097
2025-05-01,8.65,445,-0.23812,-78.4966
2025-05-02,9.07,621.3,-0.19975,-78.50038
2025-05-03,6.56,488.3,-0.17334,-78.49788
2025-05-04,8.12,544.6,-0.15175,-78.49717
2025-05-05,11.73,445.4,-0.20282,-78.48179
2025-05-06,7.76,674,-0.10463,-78.49187
2025-05-07,11.03,606,-0.24751,-78.50402
2025-05-08,9.16,611.9,-0.20093,-78.48999
2025-05-09,8.74,475.3,-0.18411,-78.48808
2025-05-10,9.72,538.6,-0.18823,-78.49509
2025-05-11,10.95,562.8,-0.22432,-78.47874
2025-05-12,5.57,488.1,-0.16552,-78.49451
2025-05-13,14.43,360.9,-0.16821,-78.47922
2025-05-14,12.81,487.1,-0.17952,-78.48433
2025-05-15,8.77,354.1,-0.16959,-78.48103
2025-05-16,9.53,438.9,-0.19603,-78.50129
2025-05-17,12,443.3,-0.23781,-78.48932
2025-05-18,7.54,456.6,-0.20628,-78.49083
2025-05-19,9.62,561.7,-0.1757,-78.50452
2025-05-20,14.53,586.9,-0.1755,-78.47925
2025-05-21,7.71,526.7,-0.17975,-78.49847
2025-05-22,12.82,466.8,-0.162,-78.4964
2025-05-23,11.89,395.8,-0.20154,-78.50043
2025-05-24,11.41,540.7,-0.18027,-78.48329
2025-05-25,10.51,280.4,-0.16118,-78.50556
2025-05-26,3.52,519.2,-0.18417,-78.48412
2025-05-27,14.06,569.2,-0.22472,-78.47985
2025-05-28,10.19,391,-0.21485,-78.48493
2025-05-29,8.58,504.5,-0.15212,-78.48317
2025-05-30,7.85,465.2,-0.13246,-78.4827
2025-05-31,11.47,473.7,-0.14007,-78.49979
2025-06-01,9.59,336.5,-0.17307,-78.47595
2025-06-02,13.85,449.9,-0.22331,-78.4949
2025-06-03,11.64,386.2,-0.18142,-78.49096
2025-06-04,11.68,477.7,-0.12652,-78.49363
2025-06-05,7.71,442,-0.15955,-78.48538
2025-06-06,4.24,475.2,-0.18846,-78.49568
2025-06-07,8.75,452.5,-0.1592,-78.48963
2025-06-08,10.12,353.4,-0.22563,-78.50265
2025-06-09,10.43,536.4,-0.20555,-78.47865
2025-06-10,13.75,373.1,-0.21915,-78.48359
2025-06-11,7.67,590.3,-0.16476,-78.49322
2025-06-12,15.61,388.2,-0.15621,-78.49499
2025-06-13,9.98,299.4,-0.18658,-78.48385
2025-06-14,10.39,445.1,-0.21175,-78.49737
2025-06-15,8.36,613.1,-0.18189,-78.48905
2025-06-16,10.22,308.7,-0.19823,-78.47869
2025-06-17,10.06,547,-0.20907,-78.49841
2025-06-18,8.86,468.8,-0.16934,-78.48661
2025-06-19,11.43,369.8,-0.20773,-78.48714
2025-06-20,9.76,417.7,-0.23602,-78.49127
2025-06-21,4.86,355.8,-0.22824,-78.49534
2025-06-22,13.46,485.5,-0.23731,-78.47815
2025-06-23,8.72,394.1,-0.17254,-78.49628
2025-06-24,8.97,502.2,-0.17594,-78.50842
2025-06-25,9.25,310.6,-0.17768,-78.48389
2025-06-26,9.48,248,-0.16063,-78.50231
2025-06-27,8.06,410.1,-0.13948,-78.48338
2025-06-28,6.45,287,-0.20193,-78.47695
2025-06-29,8.72,416.1,-0.16697,-78.484
2025-06-30,10.56,340.8,-0.23649,-78.47959
2025-07-01,4.36,440.9,-0.13295,-78.4701
2025-07-02,13.47,387,-0.22477,-78.48063
2025-07-03,9.06,319.7,-0.20605,-78.48699
2025-07-04,6.61,247.5,-0.20212,-78.47396
2025-07-05,6.84,331.3,-0.23462,-78.47275
2025-07-06,3.25,345,-0.18006,-78.47261
2025-07-07,9.06,357.6,-0.17371,-78.49522
2025-07-08,12.86,540.8,-0.18783,-78.50384
2025-07-09,14.56,511,-0.23511,-78.49583
2025-07-10,10.75,413.2,-0.11178,-78.48326
2025-07-11,8.26,418.5,-0.16198,-78.48871
2025-07-12,11.46,273,-0.089,-78.49236
2025-07-13,2.6,284.4,-0.20938,-78.4847
2025-07-14,6.41,326.3,-0.14767,-78.50501
2025-07-15,6.61,359.1,-0.15393,-78.48889
2025-07-16,6.67,332.9,-0.19137,-78.47912
2025-07-17,10.31,432.4,-0.13181,-78.48481
2025-07-18,11.48,418.5,-0.19539,-78.48338
2025-07-19,3.12,341.9,-0.19383,-78.47433
2025-07-20,4.31,363.2,-0.3027,-78.49096
2025-07-21,13.09,331.8,-0.16688,-78.49683
2025-07-22,3.35,436.7,-0.22759,-78.4784
2025-07-23,6.29,391.9,-0.20048,-78.47859
2025-07-24,9.88,293.9,-0.21712,-78.48472
2025-07-25,10.59,449.2,-0.19402,-78.4919
2025-07-26,6.72,251,-0.16566,-78.49029
2025-07-27,5.49,309.3,-0.18081,-78.50307
2025-07-28,5.41,351.3,-0.15636,-78.47917
2025-07-29,4.21,287,-0.1369,-78.47952
2025-07-30,9.8,230.1,-0.19411,-78.50342
2025-07-31,4.03,430.7,-0.19795,-78.48162
2025-08-01,3.59,451,-0.14768,-78.48626
2025-08-02,8.37,281,-0.1449,-78.50052
2025-08-03,11.67,279.3,-0.15528,-78.50236
2025-08-04,8.3,296.5,-0.21453,-78.48657
2025-08-05,11.37,259.2,-0.16641,-78.49428
2025-08-06,3.23,293.9,-0.17737,-78.4721
2025-08-07,11.38,264.2,-0.14436,-78.48077
2025-08-08,10.07,341.8,-0.20125,-78.48556
2025-08-09,10.95,343.9,-0.12314,-78.45285
2025-08-10,9.2,254.3,-0.06846,-78.42534
2025-08-11,11.27,404.5,-0.04067,-78.45156
2025-08-12,11.71,322.3,-0.06093,-78.45363
2025-08-13,4.66,236.2,-0.12394,-78.43073
2025-08-14,9.41,363.8,-0.08575,-78.43871
2025-08-15,4.21,282.8,-0.14366,-78.45148
2025-08-16,8.51,321.7,-0.07837,-78.43993
2025-08-17,6.62,208.7,-0.08263,-78.45236
2025-08-18,7.94,359,-0.16384,-78.43109
2025-08-19,8.49,291.4,-0.13906,-78.43149
2025-08-20,6.58,332.2,-0.10831,-78.43678
2025-08-21,7.5,419.5,-0.10893,-78.43848
2025-08-22,10.08,277.4,-0.14073,-78.42449
2025-08-23,7.86,517.2,-0.08479,-78.4421
2025-08-24,0.5,166.5,-0.0896,-78.45392
2025-08-25,9.17,342.9,-0.1052,-78.43761
2025-08-26,7.69,302,-0.12485,-78.42124
2025-08-27,9.24,282.5,-0.0617,-78.45225
2025-08-28,4.27,567,-0.04046,-78.44571
2025-08-29,5.15,249.6,-0.11532,-78.43794
2025-08-30,6.83,235.4,-0.11983,-78.44264
2025-08-31,7.83,363.4,-0.08121,-78.45192
2025-09-01,10.72,131.4,-0.11093,-78.43088
2025-09-02,5.22,188.4,-0.10328,-78.4189
2025-09-03,6.08,502.2,-0.07251,-78.44014
2025-09-04,10.71,462.2,-0.16523,-78.45114
2025-09-05,4.99,318.3,-0.05226,-78.45759
2025-09-06,13.2,295.6,-0.09586,-78.43952
2025-09-07,9.26,417.9,-0.1128,-78.43106
2025-09-08,12.43,399.4,-0.10152,-78.43735
2025-09-09,5.56,262.2,-0.09971,-78.44212
2025-09-10,4.65,226.1,-0.15899,-78.44799
2025-09-11,8.84,208.9,-0.04608,-78.45302
2025-09-12,5.44,270.3,-0.09695,-78.43375
2025-09-13,4.73,318.8,-0.08289,-78.43296
2025-09-14,5.77,214.5,-0.0651,-78.45756
2025-09-15,6.86,250.9,-0.13414,-78.4262
2025-09-16,12.13,277.7,-0.08183,-78.43636
2025-09-17,5.91,283,-0.10777,-78.4281
2025-09-18,7.01,223.7,-0.06876,-78.45552
2025-09-19,8.07,417.7,-0.17285,-78.45576
2025-09-20,4.48,348.2,-0.10187,-78.44359
2025-09-21,8.39,490.4,-0.1195,-78.43707
2025-09-22,5.14,389.9,-0.08327,-78.42414
2025-09-23,11.07,325.3,-0.08195,-78.43504
2025-09-24,2.85,440.1,-0.12317,-78.44453
2025-09-25,8.58,362.8,-0.12333,-78.45236
2025-09-26,1.18,440,-0.10227,-78.4298
2025-09-27,1.62,323.9,-0.12978,-78.45175
2025-09-28,2.99,316.2,-0.06893,-78.42582
2025-09-29,6.89,363.7,-0.11132,-78.44494
2025-09-30,5.97,262.3,-0.20014,-78.42619
2025-10-01,9.2,216.6,-0.11152,-78.43531
2025-10-02,7.87,428.3,-0.13475,-78.44347
2025-10-03,7.01,302.3,-0.15549,-78.44729
2025-10-04,8.62,265.3,-0.14171,-78.44551
2025-10-05,7.67,364.3,-0.09457,-78.43782
2025-10-06,9.69,404.9,-0.0519,-78.44133
2025-10-07,3.89,336.4,-0.08744,-78.44804
2025-10-08,6.67,371.6,-0.11963,-78.44376
2025-10-09,9.52,386.6,-0.08244,-78.44131
2025-10-10,10.92,434.9,-0.11447,-78.46339
2025-10-11,10.45,468.2,-0.12271,-78.43752
2025-10-12,4.06,415.9,-0.1388,-78.4519
2025-10-13,10.95,339.3,-0.15971,-78.45363
2025-10-14,7.59,328.5,-0.11205,-78.45897
2025-10-15,5.17,281.8,-0.09287,-78.46004
2025-10-16,7.72,293.6,-0.10178,-78.45565
2025-10-17,4.72,338.2,-0.11296,-78.44919
2025-10-18,12.76,285.6,-0.1315,-78.42257
2025-10-19,13.07,249.5,-0.07711,-78.44736
2025-10-20,11.72,309.2,-0.1445,-78.44032
2025-10-21,4.09,220.9,-0.07124,-78.4381
2025-10-22,10.35,444.4,-0.13348,-78.44079
2025-10-23,5.82,311.7,-0.12474,-78.44287
2025-10-24,12.89,500.5,-0.14974,-78.45405
2025-10-25,5.94,522.7,-0.11595,-78.42759
2025-10-26,8.65,446.1,-0.06426,-78.42403
2025-10-27,5.26,364.3,-0.08035,-78.45893
2025-10-28,10.26,330.7,-0.06416,-78.45234
2025-10-29,6.09,395.1,-0.08013,-78.4449
2025-10-30,9.29,424.4,-0.13703,-78.45175
2025-10-31,12.17,332.2,-0.10998,-78.43704
2025-11-01,9.78,395,-0.12571,-78.44938
2025-11-02,9.73,363.3,-0.05183,-78.42045
2025-11-03,6.16,448.9,-0.14029,-78.43019
2025-11-04,6.1,426.1,-0.06712,-78.43997
2025-11-05,8.68,432.5,-0.06715,-78.43183
2025-11-06,4.47,240.6,-0.03436,-78.43104
2025-11-07,10.34,587.9,-0.11274,-78.44774
2025-11-08,8.32,326.5,-0.07347,-78.45026
2025-11-09,10.34,498.5,-0.01854,-78.44132
2025-11-10,8.52,364.9,-0.12002,-78.43348
2025-11-11,6.92,303.7,-0.15213,-78.44071
2025-11-12,5.03,545.2,-0.1642,-78.45787
2025-11-13,7.54,345.8,-0.07346,-78.45013
2025-11-14,5.96,456.7,-0.16431,-78.44284
2025-11-15,4.02,231.7,-0.11143,-78.44286
2025-11-16,7.36,402.7,-0.08309,-78.42237
2025-11-17,13.55,286.5,-0.09192,-78.45596
2025-11-18,10.56,403.5,-0.08351,-78.43704
2025-11-19,11.98,402.5,-0.09062,-78.42721
2025-11-20,11.92,414.2,-0.05364,-78.41939
2025-11-21,9.86,531.6,-0.13173,-78.44614
2025-11-22,8.06,340.9,-0.12209,-78.43719
2025-11-23,9.17,425.8,-0.12544,-78.4364
2025-11-24,10.62,404.2,-0.06934,-78.44015
2025-11-25,10.48,311.8,-0.06689,-78.44309
2025-11-26,9.02,522.5,-0.08261,-78.43774
2025-11-27,7.15,504.1,-0.05698,-78.46742
2025-11-28,12.44,558.3,-0.13963,-78.43528
2025-11-29,8.83,395.9,-0.04005,-78.44084
2025-11-30,14.22,371.6,-0.04509,-78.44432
2025-12-01,11.72,496.8,-0.07265,-78.42163
2025-12-02,12.82,543.6,-0.03604,-78.44885
2025-12-03,10.41,533.2,-0.15638,-78.44613
2025-12-04,2.33,451.2,-0.11676,-78.42218
2025-12-05,12.22,476.9,-0.12414,-78.45042
2025-12-06,11.46,313.3,-0.07315,-78.4476
2025-12-07,10.58,512.6,-0.13515,-78.44357
2025-12-08,9.14,540.8,-0.07189,-78.43369
2025-12-09,7.35,447.9,-0.05043,-78.44002
2025-12-10,8.03,478.6,-0.07407,-78.45503
2025-12-11,13.04,412.7,-0.08847,-78.44742
2025-12-12,11.39,388,-0.13298,-78.44817
2025-12-13,7.98,493.6,-0.12804,-78.44287
2025-12-14,10.67,492.6,-0.05466,-78.43784
2025-12-15,11.31,292.1,-0.07112,-78.43792
2025-12-16,11.76,444.8,-0.09977,-78.45986
2025-12-17,10.75,454.1,-0.11303,-78.43146
2025-12-18,8.51,478.9,-0.1693,-78.43957
2025-12-19,10.42,468.4,-0.13588,-78.42825
2025-12-20,9.51,604.5,-0.0315,-78.43766
2025-12-21,13.17,435.5,-0.14322,-78.43109
2025-12-22,12.7,417.5,-0.09177,-78.43743
2025-12-23,11.98,497.9,-0.06314,-78.42864
2025-12-24,9.08,561.9,-0.14232,-78.43688
2025-12-25,10.91,593.5,-0.09194,-78.44308
2025-12-26,11.99,500.9,-0.06557,-78.41938
2025-12-27,10.1,484.1,-0.09796,-78.43321
2025-12-28,5.16,466.1,0.00199,-78.43636
2025-12-29,12.34,393.1,-0.1568,-78.45486
2025-12-30,14.23,539,-0.06134,-78.45498
2025-12-31,13.13,546.1,-0.10445,-78.43917
2026-01-01,10.07,456.6,-0.07138,-78.44064
2026-01-02,6.91,449.6,-0.08295,-78.44824
2026-01-03,9.14,573.1,-0.12406,-78.44069
2026-01-04,7.15,494.1,-0.09039,-78.42621
2026-01-05,8.75,555.2,-0.16343,-78.43515
2026-01-06,9.14,477,-0.07729,-78.45351
2026-01-07,15.53,754.9,-0.08796,-78.44322
2026-01-08,8.73,494.4,-0.07605,-78.45015
2026-01-09,11.08,440.9,-0.06137,-78.44598
2026-01-10,16.06,610.8,-0.08553,-78.44624
2026-01-11,13.5,628.9,-0.09322,-78.44688
2026-01-12,13.09,631.6,-0.12924,-78.45465
2026-01-13,6.58,489.9,-0.12333,-78.44338
2026-01-14,7.47,556.2,-0.05686,-78.44771
2026-01-15,12.38,494.9,-0.04813,-78.47139
2026-01-16,11.13,551.1,-0.10673,-78.42157
2026-01-17,7.42,614.5,-0.09679,-78.43121
2026-01-18,10.94,429.2,-0.13006,-78.44586
2026-01-19,11.97,549.6,-0.05735,-78.44191
2026-01-20,13.15,637.2,-0.07511,-78.45382
2026-01-21,5.21,444,-0.03046,-78.42514
2026-01-22,9.85,596.1,-0.12914,-78.42313
2026-01-23,16.97,596.6,-0.11163,-78.44053
2026-01-24,10.24,635.2,-0.0903,-78.43186
2026-01-25,10.64,582.3,-0.07577,-78.44035
2026-01-26,10.91,408.8,-0.10595,-78.45547
2026-01-27,12.08,621.9,-0.12895,-78.44622
2026-01-28,13.19,660.9,-0.06755,-78.44078
2026-01-29,13.59,533.5,-0.07316,-78.44665
2026-01-30,9.79,665.9,-0.13047,-78.44429
2026-01-31,18.56,412.5,-0.05096,-78.44301
2026-02-01,11.15,644.3,-0.05744,-78.44291
2026-02-02,12.49,645.3,-0.0937,-78.44158
2026-02-03,15.43,768.1,-0.09561,-78.45271
2026-02-04,9.61,625.4,-0.07901,-78.44927
2026-02-05,10.47,622.9,-0.12856,-78.45495
2026-02-06,12.81,574.8,-0.09735,-78.43232
2026-02-07,13.34,643.7,-0.17373,-78.46316
2026-02-08,13.17,441.9,-0.06772,-78.43056
2026-02-09,24.5,576.9,-0.15305,-78.42824
2026-02-10,22,557.5,-0.04578,-78.44512
2026-02-11,14.3,481.1,-0.10995,-78.46813
2026-02-12,19.89,687.9,-0.10581,-78.44571
2026-02-13,13.17,660.7,-0.12037,-78.44274
2026-02-14,14.37,496.7,-0.10848,-78.45221
2026-02-15,13.45,558.6,-0.04875,-78.44725
2026-02-16,11.37,619.2,-0.18547,-78.4268
2026-02-17,12.2,549.7,-0.05371,-78.43545
2026-02-18,13.22,638.9,-0.08657,-78.45135